layer_id,display_name,domain,source_family,resolution,temporal_basis,current_status,referenced_by_current_app,code_exists,role,risk_direction,recommended_score_method,evidence_grade,primary_dimension,priority,input_requirements,notes,source_reference
Bio05,Maximum temperature of warmest month,terrestrial,WSL/CHELSA-CMIP6,~1 km,monthly climatology,APP_REFERENCED,Yes,Existing raster/config expected,supporting,high,fixed_relative,C,crop_heat,Medium,tasmax monthly,Useful context; avoid treating as direct impact threshold.,Uploaded layer inventory; current app v5
Bio017,Precipitation of driest quarter,terrestrial,WSL/CHELSA-CMIP6,~1 km,monthly climatology,APP_REFERENCED,Yes,Existing raster/config expected,supporting,low,fixed_relative,C,water_stress,High,precipitation monthly,Useful dry-season context; not equivalent to count of months <100 mm.,Uploaded layer inventory; current app v5
PPETmin,Minimum precipitation-to-PET ratio,terrestrial,WSL/CHELSA-CMIP6 derived,~1 km,monthly climatology,APP_REFERENCED,Yes,Existing raster/config expected,scoring,low,fixed_relative,B,water_stress,Very High,precipitation + PET,Core proxy for seasonal water-stress severity.,Uploaded layer inventory; current app v5
PPETConDryMth,Consecutive months P:PET < 1,terrestrial,WSL/CHELSA-CMIP6 derived,~1 km,monthly climatology,APP_REFERENCED,Yes,Existing raster/config expected,scoring,high,fixed_relative,B,water_stress,Very High,precipitation + PET,Core proxy for seasonal water-stress duration.,Uploaded layer inventory; current app v5
CDD,Consecutive dry days,terrestrial,NASA NEX-GDDP-CMIP6 derived,~25 km,daily climatology,APP_REFERENCED,Yes,Existing raster/config expected,scoring/supporting,high,fixed_relative,B,dry_spell,High,daily precipitation,Current app ID; consider migration to CDD_PR1MM from newer daily workflow.,Uploaded layer inventory; current app v5
FIRE_PROB,Fire probability,terrestrial,FIRMS + climate/environment MaxEnt,mixed,climatology,APP_REFERENCED,Yes,Existing model,scoring/supporting,high,fixed_relative,B,fire_drought,High,fire occurrences + covariates,Impact model rather than pure climate hazard; keep distinct from KBDI/fire weather.,Uploaded layer inventory; current app v5
WBGTmax,Maximum WBGT,terrestrial,derived temperature + RH,varies,monthly/daily summary,APP_REFERENCED,Yes,Existing raster/config expected,supporting,high,threshold_or_fixed,B,worker_heat,High,temperature + RH,Legacy/app WBGT layer. Prefer daily workability metrics for operational screening.,Uploaded layer inventory; current app v5
Bio12,Mean annual rainfall,terrestrial,WSL/CHELSA-CMIP6,~1 km,monthly climatology,OLDER_INVENTORY_VERIFY,No,Older workflow,diagnostic,mixed,none,C,precipitation_context,Low,precipitation monthly,Useful context but weak as standalone impact score.,Uploaded layer inventory
Bio16,Precipitation of wettest quarter,terrestrial,WSL/CHELSA-CMIP6,~1 km,monthly climatology,OLDER_INVENTORY_VERIFY,No,Older workflow,supporting,high,fixed_relative,C,wetness,Medium,precipitation monthly,Potential supporting wet-season layer.,Uploaded layer inventory
RICE_YIELD_DECLINE,Rice temperature yield decline,agriculture,WSL/CHELSA derived,~1 km,monthly climatology,OLDER_INVENTORY_VERIFY,No,Older workflow,impact,high,threshold_direct,A,rice_heat,High,mean temperature,Older workflow applied Liu et al. relationship above 25.5 C; verify implementation and applicability before app integration.,Uploaded layer inventory
RUBBER_YIELD_DECLINE,Rubber yield decline from minimum temperature,agriculture,WSL/CHELSA derived,~1 km,monthly climatology,OLDER_INVENTORY_VERIFY,No,Older workflow,impact,high,threshold_direct,A,rubber_heat,High,minimum temperature,Older workflow applied Ali et al. relationship above 23 C; verify source and units.,Uploaded layer inventory
WORKABILITY,Outdoor workability / labour capacity,human,derived WBGT,~1 km legacy,monthly climatology,OLDER_INVENTORY_VERIFY,No,Older workflow,impact,low,threshold_direct,A,worker_heat,Very High,WBGT,High-value reusable optional dimension; rebuild from daily WBGT if possible.,Uploaded layer inventory; He/Dunne style workability
RX1DAY,Maximum one-day precipitation,terrestrial,NASA NEX-GDDP-CMIP6 derived,~25 km,daily -> annual -> 30-year,CODE_READY_VERIFY_OUTPUT,No,Yes,scoring,high,fixed_relative,B,extreme_rainfall,High,daily precipitation,"Current script creates central, severe, maximum, change, percent-change and model-agreement products.",build_precipitation_extreme_indices_from_nc.R
RX5DAY,Maximum five-day precipitation,terrestrial,NASA NEX-GDDP-CMIP6 derived,~25 km,daily -> annual -> 30-year,CODE_READY_VERIFY_OUTPUT,No,Yes,scoring,high,fixed_relative,B,extreme_rainfall,Very High,daily precipitation,"Current script creates central, severe, maximum, change, percent-change and model-agreement products.",build_precipitation_extreme_indices_from_nc.R
R20MM,Days with precipitation at least 20 mm,terrestrial,NASA NEX-GDDP-CMIP6 derived,~25 km,daily -> annual -> 30-year,CODE_READY_VERIFY_OUTPUT,No,Yes,supporting,high,fixed_relative,B,extreme_rainfall,High,daily precipitation,"Current script creates central, severe, maximum, change, percent-change and model-agreement products.",build_precipitation_extreme_indices_from_nc.R
R50MM,Days with precipitation at least 50 mm,terrestrial,NASA NEX-GDDP-CMIP6 derived,~25 km,daily -> annual -> 30-year,CODE_READY_VERIFY_OUTPUT,No,Yes,supporting,high,fixed_relative,B,extreme_rainfall,High,daily precipitation,"Current script creates central, severe, maximum, change, percent-change and model-agreement products.",build_precipitation_extreme_indices_from_nc.R
TXX,Annual maximum daily maximum temperature,terrestrial,NASA NEX-GDDP-CMIP6 derived,~25 km,daily -> annual -> 30-year,CODE_READY_VERIFY_OUTPUT,No,Yes,supporting,high,fixed_relative,B,extreme_heat,Medium,daily temperature/humidity,Daily pairing implemented in current temperature/humidity script.,Temperature_HumidHeat_Livestock_Indices_NASAdataV1.R
TNX,Annual maximum daily minimum temperature,terrestrial,NASA NEX-GDDP-CMIP6 derived,~25 km,daily -> annual -> 30-year,CODE_READY_VERIFY_OUTPUT,No,Yes,supporting,high,fixed_relative,B,night_heat,Medium,daily temperature/humidity,Daily pairing implemented in current temperature/humidity script.,Temperature_HumidHeat_Livestock_Indices_NASAdataV1.R
HOT35_DAYS,Days with Tmax >=35 C,terrestrial,NASA NEX-GDDP-CMIP6 derived,~25 km,daily -> annual -> 30-year,CODE_READY_VERIFY_OUTPUT,No,Yes,scoring,high,fixed_relative,B,extreme_heat,High,daily temperature/humidity,Daily pairing implemented in current temperature/humidity script.,Temperature_HumidHeat_Livestock_Indices_NASAdataV1.R
TROPICAL_NIGHTS_25,Nights with Tmin >=25 C,terrestrial,NASA NEX-GDDP-CMIP6 derived,~25 km,daily -> annual -> 30-year,CODE_READY_VERIFY_OUTPUT,No,Yes,scoring,high,fixed_relative,B,night_heat,High,daily temperature/humidity,Daily pairing implemented in current temperature/humidity script.,Temperature_HumidHeat_Livestock_Indices_NASAdataV1.R
CDD18,Cooling degree-days above 18 C,terrestrial,NASA NEX-GDDP-CMIP6 derived,~25 km,daily -> annual -> 30-year,CODE_READY_VERIFY_OUTPUT,No,Yes,supporting,high,fixed_relative,B,cooling_demand,Medium,daily temperature/humidity,Daily pairing implemented in current temperature/humidity script.,Temperature_HumidHeat_Livestock_Indices_NASAdataV1.R
HI_MAX,Annual maximum NOAA Heat Index,terrestrial,NASA NEX-GDDP-CMIP6 derived,~25 km,daily -> annual -> 30-year,CODE_READY_VERIFY_OUTPUT,No,Yes,supporting,high,threshold_or_fixed,B,human_heat,Medium,daily temperature/humidity,Daily pairing implemented in current temperature/humidity script.,Temperature_HumidHeat_Livestock_Indices_NASAdataV1.R
HI41_DAYS,Days with Heat Index >=41 C,terrestrial,NASA NEX-GDDP-CMIP6 derived,~25 km,daily -> annual -> 30-year,CODE_READY_VERIFY_OUTPUT,No,Yes,scoring,high,threshold_direct,A,human_heat,High,daily temperature/humidity,Daily pairing implemented in current temperature/humidity script.,Temperature_HumidHeat_Livestock_Indices_NASAdataV1.R
HI46_DAYS,Days with Heat Index >=46 C,terrestrial,NASA NEX-GDDP-CMIP6 derived,~25 km,daily -> annual -> 30-year,CODE_READY_VERIFY_OUTPUT,No,Yes,scoring,high,threshold_direct,A,human_heat,High,daily temperature/humidity,Daily pairing implemented in current temperature/humidity script.,Temperature_HumidHeat_Livestock_Indices_NASAdataV1.R
HI54_DAYS,Days with Heat Index >=54 C,terrestrial,NASA NEX-GDDP-CMIP6 derived,~25 km,daily -> annual -> 30-year,CODE_READY_VERIFY_OUTPUT,No,Yes,scoring,high,threshold_direct,A,human_heat,High,daily temperature/humidity,Daily pairing implemented in current temperature/humidity script.,Temperature_HumidHeat_Livestock_Indices_NASAdataV1.R
CATTLE_THI_MAX,Annual maximum generic cattle THI,terrestrial,NASA NEX-GDDP-CMIP6 derived,~25 km,daily -> annual -> 30-year,CODE_READY_VERIFY_OUTPUT,No,Yes,supporting,high,threshold_direct,B,livestock_heat,Medium,daily temperature/humidity,Daily pairing implemented in current temperature/humidity script.,Temperature_HumidHeat_Livestock_Indices_NASAdataV1.R
CATTLE_THI72_DAYS,Days cattle THI >=72,terrestrial,NASA NEX-GDDP-CMIP6 derived,~25 km,daily -> annual -> 30-year,CODE_READY_VERIFY_OUTPUT,No,Yes,scoring,high,threshold_direct,B,livestock_heat,High,daily temperature/humidity,Daily pairing implemented in current temperature/humidity script.,Temperature_HumidHeat_Livestock_Indices_NASAdataV1.R
WBGT_SHADE_MAX,Annual maximum approximate shade WBGT,terrestrial,NASA NEX-GDDP-CMIP6 derived,~25 km,daily -> annual -> 30-year,CODE_READY_VERIFY_OUTPUT,No,Yes,scoring,high,threshold_or_fixed,B,worker_heat,High,daily temperature/humidity,Daily pairing implemented in current temperature/humidity script.,Temperature_HumidHeat_Livestock_Indices_NASAdataV1.R
WBGT_SHADE_28_DAYS,Days approximate shade WBGT >=28 C,terrestrial,NASA NEX-GDDP-CMIP6 derived,~25 km,daily -> annual -> 30-year,CODE_READY_VERIFY_OUTPUT,No,Yes,scoring,high,threshold_direct,A,worker_heat,Very High,daily temperature/humidity,Daily pairing implemented in current temperature/humidity script.,Temperature_HumidHeat_Livestock_Indices_NASAdataV1.R
CDD_PR1MM,"Longest dry spell, pr <1 mm",terrestrial,NASA NEX-GDDP-CMIP6 derived,~25 km,daily -> annual -> 30-year,CODE_READY_VERIFY_OUTPUT,No,Yes,scoring,high,fixed_relative,B,dry_spell,High,daily pr/tas/tasmax/hurs as applicable,Current compound workflow; confirm completed output rasters and merge catalogue into app.,Compound_Drought_Wetspell_Livestock_Indices_NASAdataV2.R
CDD_PR5MM,"Longest low-rain spell, pr <5 mm",terrestrial,NASA NEX-GDDP-CMIP6 derived,~25 km,daily -> annual -> 30-year,CODE_READY_VERIFY_OUTPUT,No,Yes,supporting,high,fixed_relative,B,dry_spell,Medium,daily pr/tas/tasmax/hurs as applicable,Current compound workflow; confirm completed output rasters and merge catalogue into app.,Compound_Drought_Wetspell_Livestock_Indices_NASAdataV2.R
DRY_DAYS_PR1MM,Days with pr <1 mm,terrestrial,NASA NEX-GDDP-CMIP6 derived,~25 km,daily -> annual -> 30-year,CODE_READY_VERIFY_OUTPUT,No,Yes,supporting,high,fixed_relative,B,dry_spell,Medium,daily pr/tas/tasmax/hurs as applicable,Current compound workflow; confirm completed output rasters and merge catalogue into app.,Compound_Drought_Wetspell_Livestock_Indices_NASAdataV2.R
DRY_DAYS_PR5MM,Days with pr <5 mm,terrestrial,NASA NEX-GDDP-CMIP6 derived,~25 km,daily -> annual -> 30-year,CODE_READY_VERIFY_OUTPUT,No,Yes,supporting,high,fixed_relative,B,dry_spell,Medium,daily pr/tas/tasmax/hurs as applicable,Current compound workflow; confirm completed output rasters and merge catalogue into app.,Compound_Drought_Wetspell_Livestock_Indices_NASAdataV2.R
DRY_SPELLS_7D_PR1MM,Dry spells >=7 days,terrestrial,NASA NEX-GDDP-CMIP6 derived,~25 km,daily -> annual -> 30-year,CODE_READY_VERIFY_OUTPUT,No,Yes,supporting,high,fixed_relative,B,dry_spell,Medium,daily pr/tas/tasmax/hurs as applicable,Current compound workflow; confirm completed output rasters and merge catalogue into app.,Compound_Drought_Wetspell_Livestock_Indices_NASAdataV2.R
DRY_SPELLS_14D_PR1MM,Dry spells >=14 days,terrestrial,NASA NEX-GDDP-CMIP6 derived,~25 km,daily -> annual -> 30-year,CODE_READY_VERIFY_OUTPUT,No,Yes,supporting,high,fixed_relative,B,dry_spell,High,daily pr/tas/tasmax/hurs as applicable,Current compound workflow; confirm completed output rasters and merge catalogue into app.,Compound_Drought_Wetspell_Livestock_Indices_NASAdataV2.R
DRY_SPELLS_30D_PR1MM,Dry spells >=30 days,terrestrial,NASA NEX-GDDP-CMIP6 derived,~25 km,daily -> annual -> 30-year,CODE_READY_VERIFY_OUTPUT,No,Yes,supporting,high,fixed_relative,B,dry_spell,High,daily pr/tas/tasmax/hurs as applicable,Current compound workflow; confirm completed output rasters and merge catalogue into app.,Compound_Drought_Wetspell_Livestock_Indices_NASAdataV2.R
MIN_30DAY_PR,Lowest rolling 30-day rainfall,terrestrial,NASA NEX-GDDP-CMIP6 derived,~25 km,daily -> annual -> 30-year,CODE_READY_VERIFY_OUTPUT,No,Yes,scoring,low,fixed_relative,B,water_stress,High,daily pr/tas/tasmax/hurs as applicable,Current compound workflow; confirm completed output rasters and merge catalogue into app.,Compound_Drought_Wetspell_Livestock_Indices_NASAdataV2.R
MIN_60DAY_PR,Lowest rolling 60-day rainfall,terrestrial,NASA NEX-GDDP-CMIP6 derived,~25 km,daily -> annual -> 30-year,CODE_READY_VERIFY_OUTPUT,No,Yes,scoring,low,fixed_relative,B,water_stress,High,daily pr/tas/tasmax/hurs as applicable,Current compound workflow; confirm completed output rasters and merge catalogue into app.,Compound_Drought_Wetspell_Livestock_Indices_NASAdataV2.R
MIN_90DAY_PR,Lowest rolling 90-day rainfall,terrestrial,NASA NEX-GDDP-CMIP6 derived,~25 km,daily -> annual -> 30-year,CODE_READY_VERIFY_OUTPUT,No,Yes,scoring,low,fixed_relative,B,water_stress,High,daily pr/tas/tasmax/hurs as applicable,Current compound workflow; confirm completed output rasters and merge catalogue into app.,Compound_Drought_Wetspell_Livestock_Indices_NASAdataV2.R
CWD_PR1MM,"Longest wet spell, pr >=1 mm",terrestrial,NASA NEX-GDDP-CMIP6 derived,~25 km,daily -> annual -> 30-year,CODE_READY_VERIFY_OUTPUT,No,Yes,scoring,high,fixed_relative,B,wet_spell,High,daily pr/tas/tasmax/hurs as applicable,Current compound workflow; confirm completed output rasters and merge catalogue into app.,Compound_Drought_Wetspell_Livestock_Indices_NASAdataV2.R
WET_DAYS_PR1MM,Number of wet days,terrestrial,NASA NEX-GDDP-CMIP6 derived,~25 km,daily -> annual -> 30-year,CODE_READY_VERIFY_OUTPUT,No,Yes,supporting,high,fixed_relative,B,wet_spell,Medium,daily pr/tas/tasmax/hurs as applicable,Current compound workflow; confirm completed output rasters and merge catalogue into app.,Compound_Drought_Wetspell_Livestock_Indices_NASAdataV2.R
PRCPTOT,Annual precipitation on wet days,terrestrial,NASA NEX-GDDP-CMIP6 derived,~25 km,daily -> annual -> 30-year,CODE_READY_VERIFY_OUTPUT,No,Yes,diagnostic,high,fixed_relative,B,precipitation_context,Low,daily pr/tas/tasmax/hurs as applicable,Current compound workflow; confirm completed output rasters and merge catalogue into app.,Compound_Drought_Wetspell_Livestock_Indices_NASAdataV2.R
SDII,Simple daily precipitation intensity,terrestrial,NASA NEX-GDDP-CMIP6 derived,~25 km,daily -> annual -> 30-year,CODE_READY_VERIFY_OUTPUT,No,Yes,scoring,high,fixed_relative,B,extreme_rainfall,High,daily pr/tas/tasmax/hurs as applicable,Current compound workflow; confirm completed output rasters and merge catalogue into app.,Compound_Drought_Wetspell_Livestock_Indices_NASAdataV2.R
R10MM,Days pr >=10 mm,terrestrial,NASA NEX-GDDP-CMIP6 derived,~25 km,daily -> annual -> 30-year,CODE_READY_VERIFY_OUTPUT,No,Yes,supporting,high,fixed_relative,B,extreme_rainfall,Medium,daily pr/tas/tasmax/hurs as applicable,Current compound workflow; confirm completed output rasters and merge catalogue into app.,Compound_Drought_Wetspell_Livestock_Indices_NASAdataV2.R
R100MM,Days pr >=100 mm,terrestrial,NASA NEX-GDDP-CMIP6 derived,~25 km,daily -> annual -> 30-year,CODE_READY_VERIFY_OUTPUT,No,Yes,supporting,high,fixed_relative,B,extreme_rainfall,High,daily pr/tas/tasmax/hurs as applicable,Current compound workflow; confirm completed output rasters and merge catalogue into app.,Compound_Drought_Wetspell_Livestock_Indices_NASAdataV2.R
MAX_10DAY_PR,Maximum rolling 10-day rainfall,terrestrial,NASA NEX-GDDP-CMIP6 derived,~25 km,daily -> annual -> 30-year,CODE_READY_VERIFY_OUTPUT,No,Yes,scoring,high,fixed_relative,B,extreme_rainfall,High,daily pr/tas/tasmax/hurs as applicable,Current compound workflow; confirm completed output rasters and merge catalogue into app.,Compound_Drought_Wetspell_Livestock_Indices_NASAdataV2.R
MAX_15DAY_PR,Maximum rolling 15-day rainfall,terrestrial,NASA NEX-GDDP-CMIP6 derived,~25 km,daily -> annual -> 30-year,CODE_READY_VERIFY_OUTPUT,No,Yes,scoring,high,fixed_relative,B,extreme_rainfall,High,daily pr/tas/tasmax/hurs as applicable,Current compound workflow; confirm completed output rasters and merge catalogue into app.,Compound_Drought_Wetspell_Livestock_Indices_NASAdataV2.R
R95PTOT_BASE,Rainfall above baseline wet-day 95th percentile,terrestrial,NASA NEX-GDDP-CMIP6 derived,~25 km,daily -> annual -> 30-year,CODE_READY_VERIFY_OUTPUT,No,Yes,scoring,high,fixed_relative,B,extreme_rainfall,High,daily pr/tas/tasmax/hurs as applicable,Current compound workflow; confirm completed output rasters and merge catalogue into app.,Compound_Drought_Wetspell_Livestock_Indices_NASAdataV2.R
R99PTOT_BASE,Rainfall above baseline wet-day 99th percentile,terrestrial,NASA NEX-GDDP-CMIP6 derived,~25 km,daily -> annual -> 30-year,CODE_READY_VERIFY_OUTPUT,No,Yes,scoring,high,fixed_relative,B,extreme_rainfall,Very High,daily pr/tas/tasmax/hurs as applicable,Current compound workflow; confirm completed output rasters and merge catalogue into app.,Compound_Drought_Wetspell_Livestock_Indices_NASAdataV2.R
R95P_DAYS_BASE,Days above baseline wet-day 95th percentile,terrestrial,NASA NEX-GDDP-CMIP6 derived,~25 km,daily -> annual -> 30-year,CODE_READY_VERIFY_OUTPUT,No,Yes,supporting,high,fixed_relative,B,extreme_rainfall,High,daily pr/tas/tasmax/hurs as applicable,Current compound workflow; confirm completed output rasters and merge catalogue into app.,Compound_Drought_Wetspell_Livestock_Indices_NASAdataV2.R
R99P_DAYS_BASE,Days above baseline wet-day 99th percentile,terrestrial,NASA NEX-GDDP-CMIP6 derived,~25 km,daily -> annual -> 30-year,CODE_READY_VERIFY_OUTPUT,No,Yes,supporting,high,fixed_relative,B,extreme_rainfall,Very High,daily pr/tas/tasmax/hurs as applicable,Current compound workflow; confirm completed output rasters and merge catalogue into app.,Compound_Drought_Wetspell_Livestock_Indices_NASAdataV2.R
R95P_FRAC_BASE,Fraction of wet-day rainfall above baseline 95th,terrestrial,NASA NEX-GDDP-CMIP6 derived,~25 km,daily -> annual -> 30-year,CODE_READY_VERIFY_OUTPUT,No,Yes,supporting,high,fixed_relative,B,extreme_rainfall,Medium,daily pr/tas/tasmax/hurs as applicable,Current compound workflow; confirm completed output rasters and merge catalogue into app.,Compound_Drought_Wetspell_Livestock_Indices_NASAdataV2.R
R99P_FRAC_BASE,Fraction of wet-day rainfall above baseline 99th,terrestrial,NASA NEX-GDDP-CMIP6 derived,~25 km,daily -> annual -> 30-year,CODE_READY_VERIFY_OUTPUT,No,Yes,supporting,high,fixed_relative,B,extreme_rainfall,High,daily pr/tas/tasmax/hurs as applicable,Current compound workflow; confirm completed output rasters and merge catalogue into app.,Compound_Drought_Wetspell_Livestock_Indices_NASAdataV2.R
HOT_DRY_DAYS_35_PR5,Hot-dry days: Tmax >=35 C and pr <5 mm,terrestrial,NASA NEX-GDDP-CMIP6 derived,~25 km,daily -> annual -> 30-year,CODE_READY_VERIFY_OUTPUT,No,Yes,scoring,high,fixed_relative,B,hot_dry,Very High,daily pr/tas/tasmax/hurs as applicable,Current compound workflow; confirm completed output rasters and merge catalogue into app.,Compound_Drought_Wetspell_Livestock_Indices_NASAdataV2.R
HOT_DRY_DAYS_35_PR1,Hot-dry days: Tmax >=35 C and pr <1 mm,terrestrial,NASA NEX-GDDP-CMIP6 derived,~25 km,daily -> annual -> 30-year,CODE_READY_VERIFY_OUTPUT,No,Yes,supporting,high,fixed_relative,B,hot_dry,High,daily pr/tas/tasmax/hurs as applicable,Current compound workflow; confirm completed output rasters and merge catalogue into app.,Compound_Drought_Wetspell_Livestock_Indices_NASAdataV2.R
HOT_DRY_SPELL_MAX,Longest hot-dry spell,terrestrial,NASA NEX-GDDP-CMIP6 derived,~25 km,daily -> annual -> 30-year,CODE_READY_VERIFY_OUTPUT,No,Yes,scoring,high,fixed_relative,B,hot_dry,Very High,daily pr/tas/tasmax/hurs as applicable,Current compound workflow; confirm completed output rasters and merge catalogue into app.,Compound_Drought_Wetspell_Livestock_Indices_NASAdataV2.R
WBGT30_DAYS,Days approximate shade WBGT >=30 C,terrestrial,NASA NEX-GDDP-CMIP6 derived,~25 km,daily -> annual -> 30-year,CODE_READY_VERIFY_OUTPUT,No,Yes,scoring,high,threshold_direct,B,worker_heat,Very High,daily pr/tas/tasmax/hurs as applicable,Current compound workflow; confirm completed output rasters and merge catalogue into app.,Compound_Drought_Wetspell_Livestock_Indices_NASAdataV2.R
CATTLE_THI75_DAYS,Days cattle THI >=75,terrestrial,NASA NEX-GDDP-CMIP6 derived,~25 km,daily -> annual -> 30-year,CODE_READY_VERIFY_OUTPUT,No,Yes,scoring,high,threshold_direct,B,livestock_heat,High,daily pr/tas/tasmax/hurs as applicable,Current compound workflow; confirm completed output rasters and merge catalogue into app.,Compound_Drought_Wetspell_Livestock_Indices_NASAdataV2.R
CATTLE_THI79_DAYS,Days cattle THI >=79,terrestrial,NASA NEX-GDDP-CMIP6 derived,~25 km,daily -> annual -> 30-year,CODE_READY_VERIFY_OUTPUT,No,Yes,scoring,high,threshold_direct,B,livestock_heat,High,daily pr/tas/tasmax/hurs as applicable,Current compound workflow; confirm completed output rasters and merge catalogue into app.,Compound_Drought_Wetspell_Livestock_Indices_NASAdataV2.R
CATTLE_THI84_DAYS,Days cattle THI >=84,terrestrial,NASA NEX-GDDP-CMIP6 derived,~25 km,daily -> annual -> 30-year,CODE_READY_VERIFY_OUTPUT,No,Yes,scoring,high,threshold_direct,B,livestock_heat,High,daily pr/tas/tasmax/hurs as applicable,Current compound workflow; confirm completed output rasters and merge catalogue into app.,Compound_Drought_Wetspell_Livestock_Indices_NASAdataV2.R
CATTLE_THI_LOAD72,Annual accumulated cattle THI above 72,terrestrial,NASA NEX-GDDP-CMIP6 derived,~25 km,daily -> annual -> 30-year,CODE_READY_VERIFY_OUTPUT,No,Yes,scoring,high,threshold_direct,B,livestock_heat,Very High,daily pr/tas/tasmax/hurs as applicable,Current compound workflow; confirm completed output rasters and merge catalogue into app.,Compound_Drought_Wetspell_Livestock_Indices_NASAdataV2.R
CATTLE_THI72_SPELL_MAX,Longest cattle THI >=72 spell,terrestrial,NASA NEX-GDDP-CMIP6 derived,~25 km,daily -> annual -> 30-year,CODE_READY_VERIFY_OUTPUT,No,Yes,scoring,high,threshold_direct,B,livestock_heat,High,daily pr/tas/tasmax/hurs as applicable,Current compound workflow; confirm completed output rasters and merge catalogue into app.,Compound_Drought_Wetspell_Livestock_Indices_NASAdataV2.R
MARINE_SST,Sea surface temperature,marine,Blue Communities / University of Plymouth,~0.1 degree (~11 km),monthly annual files -> multi-year climatology,MARINE_CODE_READY_VERIFY_OUTPUT,No,Yes,scoring,high,fixed_relative,B,marine_warming,Very High,annual marine NetCDF,Current v9 marine workflow builds climatologies and change-from-historical layers; final marine AOI still required for final products.,Sabah_Marine_Vision_BlueCommunities_processing_v9.R
MARINE_BOTTOM_T,Bottom temperature,marine,Blue Communities / University of Plymouth,~0.1 degree (~11 km),monthly annual files -> multi-year climatology,MARINE_CODE_READY_VERIFY_OUTPUT,No,Yes,scoring,high,fixed_relative,B,marine_warming,High,annual marine NetCDF,Current v9 marine workflow builds climatologies and change-from-historical layers; final marine AOI still required for final products.,Sabah_Marine_Vision_BlueCommunities_processing_v9.R
MARINE_SALINITY,Surface salinity,marine,Blue Communities / University of Plymouth,~0.1 degree (~11 km),monthly annual files -> multi-year climatology,MARINE_CODE_READY_VERIFY_OUTPUT,No,Yes,supporting,mixed,fixed_relative,B,marine_salinity,Medium,annual marine NetCDF,Current v9 marine workflow builds climatologies and change-from-historical layers; final marine AOI still required for final products.,Sabah_Marine_Vision_BlueCommunities_processing_v9.R
MARINE_O2_BOTTOM,Bottom dissolved oxygen,marine,Blue Communities / University of Plymouth,~0.1 degree (~11 km),monthly annual files -> multi-year climatology,MARINE_CODE_READY_VERIFY_OUTPUT,No,Yes,scoring,low,fixed_relative,B,marine_deoxygenation,Very High,annual marine NetCDF,Current v9 marine workflow builds climatologies and change-from-historical layers; final marine AOI still required for final products.,Sabah_Marine_Vision_BlueCommunities_processing_v9.R
MARINE_PH_SURFACE,Surface pH,marine,Blue Communities / University of Plymouth,~0.1 degree (~11 km),monthly annual files -> multi-year climatology,MARINE_CODE_READY_VERIFY_OUTPUT,No,Yes,scoring,low,fixed_relative,B,marine_acidification,Very High,annual marine NetCDF,Current v9 marine workflow builds climatologies and change-from-historical layers; final marine AOI still required for final products.,Sabah_Marine_Vision_BlueCommunities_processing_v9.R
MARINE_PH_BOTTOM,Bottom pH,marine,Blue Communities / University of Plymouth,~0.1 degree (~11 km),monthly annual files -> multi-year climatology,MARINE_CODE_READY_VERIFY_OUTPUT,No,Yes,scoring,low,fixed_relative,B,marine_acidification,High,annual marine NetCDF,Current v9 marine workflow builds climatologies and change-from-historical layers; final marine AOI still required for final products.,Sabah_Marine_Vision_BlueCommunities_processing_v9.R
MARINE_ARAG_SURFACE,Surface aragonite saturation state,marine,Blue Communities / University of Plymouth,~0.1 degree (~11 km),monthly annual files -> multi-year climatology,MARINE_CODE_READY_VERIFY_OUTPUT,No,Yes,scoring,low,fixed_relative,B,marine_acidification,High,annual marine NetCDF,Current v9 marine workflow builds climatologies and change-from-historical layers; final marine AOI still required for final products.,Sabah_Marine_Vision_BlueCommunities_processing_v9.R
MARINE_NETPP,Column-total net primary production,marine,Blue Communities / University of Plymouth,~0.1 degree (~11 km),monthly annual files -> multi-year climatology,MARINE_CODE_READY_VERIFY_OUTPUT,No,Yes,scoring,mixed,fixed_relative,B,marine_productivity,High,annual marine NetCDF,Current v9 marine workflow builds climatologies and change-from-historical layers; final marine AOI still required for final products.,Sabah_Marine_Vision_BlueCommunities_processing_v9.R
MARINE_O2_SURFACE,Surface dissolved oxygen,marine,Blue Communities / University of Plymouth,~0.1 degree (~11 km),monthly annual files -> multi-year climatology,MARINE_CODE_READY_VERIFY_OUTPUT,No,Yes,supporting,low,fixed_relative,B,marine_deoxygenation,Medium,annual marine NetCDF,Current v9 marine workflow builds climatologies and change-from-historical layers; final marine AOI still required for final products.,Sabah_Marine_Vision_BlueCommunities_processing_v9.R
MARINE_ARAG_BOTTOM,Bottom aragonite saturation state,marine,Blue Communities / University of Plymouth,~0.1 degree (~11 km),monthly annual files -> multi-year climatology,MARINE_CODE_READY_VERIFY_OUTPUT,No,Yes,supporting,low,fixed_relative,B,marine_acidification,Medium,annual marine NetCDF,Current v9 marine workflow builds climatologies and change-from-historical layers; final marine AOI still required for final products.,Sabah_Marine_Vision_BlueCommunities_processing_v9.R
MARINE_CHL,Surface chlorophyll-a,marine,Blue Communities / University of Plymouth,~0.1 degree (~11 km),monthly annual files -> multi-year climatology,MARINE_CODE_READY_VERIFY_OUTPUT,No,Yes,supporting,mixed,fixed_relative,B,marine_productivity,Medium,annual marine NetCDF,Current v9 marine workflow builds climatologies and change-from-historical layers; final marine AOI still required for final products.,Sabah_Marine_Vision_BlueCommunities_processing_v9.R
MARINE_PHYTO,Phytoplankton biomass,marine,Blue Communities / University of Plymouth,~0.1 degree (~11 km),monthly annual files -> multi-year climatology,MARINE_CODE_READY_VERIFY_OUTPUT,No,Yes,supporting,mixed,fixed_relative,B,marine_productivity,Medium,annual marine NetCDF,Current v9 marine workflow builds climatologies and change-from-historical layers; final marine AOI still required for final products.,Sabah_Marine_Vision_BlueCommunities_processing_v9.R
MARINE_ZOO,Zooplankton biomass,marine,Blue Communities / University of Plymouth,~0.1 degree (~11 km),monthly annual files -> multi-year climatology,MARINE_CODE_READY_VERIFY_OUTPUT,No,Yes,supporting,mixed,fixed_relative,B,marine_productivity,Medium,annual marine NetCDF,Current v9 marine workflow builds climatologies and change-from-historical layers; final marine AOI still required for final products.,Sabah_Marine_Vision_BlueCommunities_processing_v9.R
FISH_BIOMASS,Projected fish biomass change by functional group,marine,SS-DBEM / University of Plymouth,~0.5 degree (~55 km),annual -> 10-year means,OLDER_INVENTORY_VERIFY,No,Older workflow,impact,low,direct_change,A,fisheries_biomass,High,SS-DBEM species projections,Previously created for Sabah-relevant species; confirm files and periods.,Uploaded layer inventory
SLR_INUNDATION,Potential sea-level-rise inundation,coastal,Copernicus GTSM + CoastalDEM,~90 m DEM + coastal projections,2050 / return periods,OLDER_INVENTORY_VERIFY,No,Older workflow,impact,high,direct_exposure,A,coastal_inundation,High,SLR + DEM,Confirm current files and scenario limitation.,Uploaded layer inventory
STORM_SURGE_INUNDATION,Potential storm-surge inundation,coastal,Copernicus GTSM + CoastalDEM,~90 m DEM + coastal projections,return periods,OLDER_INVENTORY_VERIFY,No,Older workflow,impact,high,direct_exposure,A,coastal_inundation,High,storm surge + DEM,Confirm current files; original workflow only high-emission pathway.,Uploaded layer inventory
DRYMONTH100,Months with rainfall <100 mm,agriculture,monthly precipitation,~1 km,monthly climatology,DERIVE_FROM_EXISTING_INPUTS,No,Starter code,scoring,high,threshold_direct,A,oil_palm_water,Very High,Monthly precipitation,Directly interpretable oil-palm dry-month indicator.,Proposed v1 registry
CONDRYMONTH100,Maximum consecutive months with rainfall <100 mm,agriculture,monthly precipitation,~1 km,monthly climatology,DERIVE_FROM_EXISTING_INPUTS,No,Starter code,scoring,high,threshold_direct,A,oil_palm_water,Very High,Monthly precipitation,Use cyclic run across Dec-Jan; prolonged >2 months has Malaysian oil-palm evidence.,Proposed v1 registry
CWD_DEFICIT,"Annual climatic water deficit: sum max(PET-P,0)",terrestrial/agriculture,monthly precipitation + PET,~1 km,monthly climatology,DERIVE_FROM_EXISTING_INPUTS,No,Starter code,scoring,high,fixed_relative,B,water_stress,Very High,Monthly precipitation and PET,More interpretable severity measure in mm; do not label as soil-water deficit.,Proposed v1 registry
VPD_MEAN,Mean vapour pressure deficit,terrestrial/agriculture,daily or monthly temperature + RH,~25 km daily or ~1 km if suitable RH,daily/monthly,DERIVE_FROM_EXISTING_INPUTS,No,Starter code,scoring,high,fixed_relative,B,atmospheric_demand,Very High,Temperature + relative humidity,Mechanistic atmospheric-demand layer; no universal oil-palm threshold recommended initially.,Proposed v1 registry
VPD_P90,90th percentile vapour pressure deficit,terrestrial/agriculture,daily temperature + RH,~25 km,daily -> climatology,DERIVE_FROM_EXISTING_INPUTS,No,No,scoring,high,fixed_relative,B,atmospheric_demand,High,Daily temperature + RH,Captures high-demand tail.,Proposed v1 registry
WORKABILITY_LOSS_HEAVY,Potential heavy-manual-work capacity loss,human/operations,daily WBGT,~25 km,daily -> climatology,DERIVE_FROM_EXISTING_INPUTS,No,Starter code,scoring,high,threshold_direct,A,worker_heat,Very High,Daily WBGT,"Reusable optional dimension for oil palm, restoration, rice, rubber and infrastructure field work.",Proposed v1 registry
WORKABILITY_LT75_DAYS,Days heavy-work capacity <75%,human/operations,daily WBGT,~25 km,daily -> climatology,DERIVE_FROM_EXISTING_INPUTS,No,Starter code,scoring,high,threshold_direct,A,worker_heat,High,Daily WBGT,Operationally intuitive companion metric.,Proposed v1 registry
KBDI,Keetch-Byram Drought Index,fire,daily Tmax + precipitation + annual rainfall,~25 km,daily -> climatology,DERIVE_FROM_EXISTING_INPUTS,No,No,scoring,high,threshold_or_fixed,B,fire_drought,High,"Daily Tmax, precipitation, mean annual rainfall",Relevant because Sabah Forestry uses KBDI; implement after confirming local convention/initialization.,Proposed v1 registry
WSDI,Warm Spell Duration Index,terrestrial/human,daily Tmax + baseline percentile,~25 km,daily -> climatology,DERIVE_FROM_EXISTING_INPUTS,No,No,scoring,high,fixed_relative,B,extreme_heat,High,Daily Tmax + baseline day-of-year threshold,Standard percentile-based heat-duration index.,Proposed v1 registry
TX90P,Percentage/days Tmax above baseline 90th percentile,terrestrial/human,daily Tmax + baseline percentile,~25 km,daily -> climatology,DERIVE_FROM_EXISTING_INPUTS,No,No,scoring,high,fixed_relative,B,extreme_heat,High,Daily Tmax,Useful relative extreme-heat frequency.,Proposed v1 registry
TN90P,Percentage/days Tmin above baseline 90th percentile,terrestrial/human,daily Tmin + baseline percentile,~25 km,daily -> climatology,DERIVE_FROM_EXISTING_INPUTS,No,No,scoring,high,fixed_relative,B,night_heat,High,Daily Tmin,Night-time heat/recovery dimension.,Proposed v1 registry
CLIMATE_VELOCITY,Climate velocity,biodiversity,climate surface + spatial gradient,native input,baseline vs future,DERIVE_FROM_EXISTING_INPUTS,No,No,scoring,high,fixed_relative,B,climate_stability,Medium,Temperature or multivariate climate surfaces,Useful biodiversity exposure metric; not a biological impact threshold.,Proposed v1 registry
CLIMATE_STABILITY,Multivariate climate stability/refugia score,biodiversity,multiple climate layers,native input,baseline vs future,DERIVE_FROM_EXISTING_INPUTS,No,No,scoring,low,fixed_relative,C,climate_stability,Medium,Selected normalized climate variables,Needs careful variable selection and correlation control.,Proposed v1 registry
FLOOD_SUSC,Flood susceptibility,terrestrial,static + hydrology/terrain,varies,static,REQUIRES_ADDITIONAL_DATA,No,No,modifier,high,direct_exposure,B,flood_waterlogging,High,Flood susceptibility model/data,"Useful modifier for restoration, oil palm and infrastructure; not available from climate variables alone.",Proposed v1 registry
LANDSLIDE_SUSC,Landslide susceptibility,terrestrial,terrain/geology/soil/land cover,varies,static,REQUIRES_ADDITIONAL_DATA,No,No,modifier,high,direct_exposure,B,landslide_trigger,High,Landslide susceptibility model/data,Combine with rainfall trigger layers; requires static susceptibility surface.,Proposed v1 registry
SOIL_AWC,Soil available water capacity,terrestrial,soil data,varies,static,REQUIRES_ADDITIONAL_DATA,No,No,modifier,mixed,none,B,water_stress,Medium,Soil properties,Needed to move from climatic moisture deficit toward plant-available water stress.,Proposed v1 registry
OILPALM_EXTENT,Oil palm extent/mask,agriculture,land cover,varies,static,REQUIRES_ADDITIONAL_DATA,No,No,modifier,mixed,none,A,exposure_mask,High,Current land cover/oil palm extent,"Mask/asset layer, not a climate score.",Proposed v1 registry
FOREST_TYPE,Forest/ecosystem type,biodiversity/restoration,vegetation map,varies,static,REQUIRES_ADDITIONAL_DATA,No,No,modifier,mixed,none,A,exposure_mask,High,Forest type map,Needed for restoration-context-specific interpretation.,Proposed v1 registry
