dataset_id,variable_id,scenario,period,file_path,units,dataset_type,nodata_value,enabled,file_format,resolution
CDD_BASE,CDD,baseline,1981-2010,rasters/baseline/CDD_AllGCMs_historical_1981-2010.tif,days,continuous,-9999,TRUE,,
CDD_245_4170,CDD,ssp245,2041-2070,rasters/future/ssp245/2041-2070/CDD_AllGCMs_ssp245_2041-2070.tif,days,continuous,-9999,TRUE,,
CDD_245_7100,CDD,ssp245,2071-2100,rasters/future/ssp245/2071-2100/CDD_AllGCMs_ssp245_2071-2100.tif,days,continuous,-9999,TRUE,,
CDD_126_4170,CDD,ssp126,2041-2070,rasters/future/ssp126/2041-2070/CDD_AllGCMs_ssp126_2041-2070.tif,days,continuous,-9999,TRUE,,
CDD_126_7100,CDD,ssp126,2071-2100,rasters/future/ssp126/2071-2100/CDD_AllGCMs_ssp126_2071-2100.tif,days,continuous,-9999,TRUE,,
CDD_370_4170,CDD,ssp370,2041-2070,rasters/future/ssp370/2041-2070/CDD_AllGCMs_ssp370_2041-2070.tif,days,continuous,-9999,TRUE,,
CDD_370_7100,CDD,ssp370,2071-2100,rasters/future/ssp370/2071-2100/CDD_AllGCMs_ssp370_2071-2100.tif,days,continuous,-9999,TRUE,,
CDD_585_4170,CDD,ssp585,2041-2070,rasters/future/ssp585/2041-2070/CDD_AllGCMs_ssp585_2041-2070.tif,days,continuous,-9999,TRUE,,
CDD_585_7100,CDD,ssp585,2071-2100,rasters/future/ssp585/2071-2100/CDD_AllGCMs_ssp585_2071-2100.tif,days,continuous,-9999,TRUE,,
Bio05_BASE,Bio05,baseline,1981-2010,rasters/baseline/Bio05_AllGCMs_historical_1981-2010.tif,degrees C,continuous,-9998,TRUE,,
Bio05_245_4170,Bio05,ssp245,2041-2070,rasters/future/ssp245/2041-2070/Bio05_AllGCMs_ssp245_2041-2070.tif,degrees C,continuous,-9997,TRUE,,
Bio05_245_7100,Bio05,ssp245,2071-2100,rasters/future/ssp245/2071-2100/Bio05_AllGCMs_ssp245_2071-2100.tif,degrees C,continuous,-9997,TRUE,,
Bio05_126_4170,Bio05,ssp126,2041-2070,rasters/future/ssp126/2041-2070/Bio05_AllGCMs_ssp126_2041-2070.tif,degrees C,continuous,-9997,TRUE,,
Bio05_126_7100,Bio05,ssp126,2071-2100,rasters/future/ssp126/2071-2100/Bio05_AllGCMs_ssp126_2071-2100.tif,degrees C,continuous,-9997,TRUE,,
Bio05_370_4170,Bio05,ssp370,2041-2070,rasters/future/ssp370/2041-2070/Bio05_AllGCMs_ssp370_2041-2070.tif,degrees C,continuous,-9997,TRUE,,
Bio05_370_7100,Bio05,ssp370,2071-2100,rasters/future/ssp370/2071-2100/Bio05_AllGCMs_ssp370_2071-2100.tif,degrees C,continuous,-9997,TRUE,,
Bio05_585_4170,Bio05,ssp585,2041-2070,rasters/future/ssp585/2041-2070/Bio05_AllGCMs_ssp585_2041-2070.tif,degrees C,continuous,-9997,TRUE,,
Bio05_585_7100,Bio05,ssp585,2071-2100,rasters/future/ssp585/2071-2100/Bio05_AllGCMs_ssp585_2071-2100.tif,degrees C,continuous,-9997,TRUE,,
Bio017_BASE,Bio017,baseline,1981-2010,rasters/baseline/Bio17_AllGCMs_historical_1981-2010.tif,millimeters,continuous,-9996,TRUE,,
Bio017_245_4170,Bio017,ssp245,2041-2070,rasters/future/ssp245/2041-2070/Bio17_AllGCMs_ssp245_2041-2070.tif,millimeters,continuous,-9995,TRUE,,
Bio017_245_7100,Bio017,ssp245,2071-2100,rasters/future/ssp245/2071-2100/Bio17_AllGCMs_ssp245_2071-2100.tif,millimeters,continuous,-9995,TRUE,,
Bio017_126_4170,Bio017,ssp126,2041-2070,rasters/future/ssp126/2041-2070/Bio17_AllGCMs_ssp126_2041-2070.tif,millimeters,continuous,-9995,TRUE,,
Bio017_126_7100,Bio017,ssp126,2071-2100,rasters/future/ssp126/2071-2100/Bio17_AllGCMs_ssp126_2071-2100.tif,millimeters,continuous,-9995,TRUE,,
Bio017_370_4170,Bio017,ssp370,2041-2070,rasters/future/ssp370/2041-2070/Bio17_AllGCMs_ssp370_2041-2070.tif,millimeters,continuous,-9995,TRUE,,
Bio017_370_7100,Bio017,ssp370,2071-2100,rasters/future/ssp370/2071-2100/Bio17_AllGCMs_ssp370_2071-2100.tif,millimeters,continuous,-9995,TRUE,,
Bio017_585_4170,Bio017,ssp585,2041-2070,rasters/future/ssp585/2041-2070/Bio17_AllGCMs_ssp585_2041-2070.tif,millimeters,continuous,-9995,TRUE,,
Bio017_585_7100,Bio017,ssp585,2071-2100,rasters/future/ssp585/2071-2100/Bio17_AllGCMs_ssp585_2071-2100.tif,millimeters,continuous,-9995,TRUE,,
Fire_BASE,Fire,baseline,1981-2010,rasters/baseline/Fire_AllGCMs_historical_1981-2010.tif,probability,continuous,-9999,TRUE,tif,0.0025 x 0.0025 degrees (3x mean aggregate)
Fire_245_4170,Fire,ssp245,2041-2070,rasters/future/ssp245/2041-2070/Fire_AllGCMs_ssp245_2041-2070.tif,probability,continuous,-9999,TRUE,tif,0.0025 x 0.0025 degrees (3x mean aggregate)
Fire_245_7100,Fire,ssp245,2071-2100,rasters/future/ssp245/2071-2100/Fire_AllGCMs_ssp245_2071-2100.tif,probability,continuous,-9999,TRUE,tif,0.0025 x 0.0025 degrees (3x mean aggregate)
Fire_126_4170,Fire,ssp126,2041-2070,rasters/future/ssp126/2041-2070/Fire_AllGCMs_ssp126_2041-2070.tif,probability,continuous,-9999,TRUE,tif,0.0025 x 0.0025 degrees (3x mean aggregate)
Fire_126_7100,Fire,ssp126,2071-2100,rasters/future/ssp126/2071-2100/Fire_AllGCMs_ssp126_2071-2100.tif,probability,continuous,-9999,TRUE,tif,0.0025 x 0.0025 degrees (3x mean aggregate)
Fire_370_4170,Fire,ssp370,2041-2070,rasters/future/ssp370/2041-2070/Fire_AllGCMs_ssp370_2041-2070.tif,probability,continuous,-9999,TRUE,tif,0.0025 x 0.0025 degrees (3x mean aggregate)
Fire_370_7100,Fire,ssp370,2071-2100,rasters/future/ssp370/2071-2100/Fire_AllGCMs_ssp370_2071-2100.tif,probability,continuous,-9999,TRUE,tif,0.0025 x 0.0025 degrees (3x mean aggregate)
Fire_585_4170,Fire,ssp585,2041-2070,rasters/future/ssp585/2041-2070/Fire_AllGCMs_ssp585_2041-2070.tif,probability,continuous,-9999,TRUE,tif,0.0025 x 0.0025 degrees (3x mean aggregate)
Fire_585_7100,Fire,ssp585,2071-2100,rasters/future/ssp585/2071-2100/Fire_AllGCMs_ssp585_2071-2100.tif,probability,continuous,-9999,TRUE,tif,0.0025 x 0.0025 degrees (3x mean aggregate)
PPETConDryMth_Base,PPETConDryMth,baseline,1981-2010,rasters/baseline/PPETConDryMth_AllGCMs_historical_1981-2010.tif,months,continuous,-9992,TRUE,,
PPETConDryMth_245_4170,PPETConDryMth,ssp245,2041-2070,rasters/future/ssp245/2041-2070/PPETConDryMth_AllGCMs_ssp245_2041-2070.tif,months,continuous,-9991,TRUE,,
PPETConDryMth_245_7100,PPETConDryMth,ssp245,2071-2100,rasters/future/ssp245/2071-2100/PPETConDryMth_AllGCMs_ssp245_2071-2100.tif,months,continuous,-9991,TRUE,,
PPETConDryMth_126_4170,PPETConDryMth,ssp126,2041-2070,rasters/future/ssp126/2041-2070/PPETConDryMth_AllGCMs_ssp126_2041-2070.tif,months,continuous,-9991,TRUE,,
PPETConDryMth_126_7100,PPETConDryMth,ssp126,2071-2100,rasters/future/ssp126/2071-2100/PPETConDryMth_AllGCMs_ssp126_2071-2100.tif,months,continuous,-9991,TRUE,,
PPETConDryMth_370_4170,PPETConDryMth,ssp370,2041-2070,rasters/future/ssp370/2041-2070/PPETConDryMth_AllGCMs_ssp370_2041-2070.tif,months,continuous,-9991,TRUE,,
PPETConDryMth_370_7100,PPETConDryMth,ssp370,2071-2100,rasters/future/ssp370/2071-2100/PPETConDryMth_AllGCMs_ssp370_2071-2100.tif,months,continuous,-9991,TRUE,,
PPETConDryMth_585_4170,PPETConDryMth,ssp585,2041-2070,rasters/future/ssp585/2041-2070/PPETConDryMth_AllGCMs_ssp585_2041-2070.tif,months,continuous,-9991,TRUE,,
PPETConDryMth_585_7100,PPETConDryMth,ssp585,2071-2100,rasters/future/ssp585/2071-2100/PPETConDryMth_AllGCMs_ssp585_2071-2100.tif,months,continuous,-9991,TRUE,,
PPETmin_Base,PPETmin,baseline,1981-2010,rasters/baseline/PPETmin_AllGCMs_historical_1981-2010.tif,ratio,continuous,-9990,TRUE,,
PPETmin_245_4170,PPETmin,ssp245,2041-2070,rasters/future/ssp245/2041-2070/PPETMin_AllGCMs_ssp245_2041-2070.tif,ratio,continuous,-9989,TRUE,,
PPETmin_245_7100,PPETmin,ssp245,2071-2100,rasters/future/ssp245/2071-2100/PPETMin_AllGCMs_ssp245_2071-2100.tif,ratio,continuous,-9989,TRUE,,
PPETmin_126_4170,PPETmin,ssp126,2041-2070,rasters/future/ssp126/2041-2070/PPETMin_AllGCMs_ssp126_2041-2070.tif,ratio,continuous,-9989,TRUE,,
PPETmin_126_7100,PPETmin,ssp126,2071-2100,rasters/future/ssp126/2071-2100/PPETMin_AllGCMs_ssp126_2071-2100.tif,ratio,continuous,-9989,TRUE,,
PPETmin_370_4170,PPETmin,ssp370,2041-2070,rasters/future/ssp370/2041-2070/PPETMin_AllGCMs_ssp370_2041-2070.tif,ratio,continuous,-9989,TRUE,,
PPETmin_370_7100,PPETmin,ssp370,2071-2100,rasters/future/ssp370/2071-2100/PPETMin_AllGCMs_ssp370_2071-2100.tif,ratio,continuous,-9989,TRUE,,
PPETmin_585_4170,PPETmin,ssp585,2041-2070,rasters/future/ssp585/2041-2070/PPETMin_AllGCMs_ssp585_2041-2070.tif,ratio,continuous,-9989,TRUE,,
PPETmin_585_7100,PPETmin,ssp585,2071-2100,rasters/future/ssp585/2071-2100/PPETMin_AllGCMs_ssp585_2071-2100.tif,ratio,continuous,-9989,TRUE,,
WBGT_BASE,WBGT,baseline,1981-2010,rasters/baseline/WBGT-Sun_Max_AllGCMs_historical_1981-2010.tif,degrees C,continuous,-9999,TRUE,,
WBGT_245_4170,WBGT,ssp245,2041-2070,rasters/future/ssp245/2041-2070/WBGT-Sun_Max_AllGCMs_ssp245_2041-2070.tif,degrees C,continuous,-9999,TRUE,,
WBGT_245_7100,WBGT,ssp245,2071-2100,rasters/future/ssp245/2071-2100/WBGT-Sun_Max_AllGCMs_ssp245_2071-2100.tif,degrees C,continuous,-9999,TRUE,,
WBGT_126_4170,WBGT,ssp126,2041-2070,rasters/future/ssp126/2041-2070/WBGT-Sun_Max_AllGCMs_ssp126_2041-2070.tif,degrees C,continuous,-9999,TRUE,,
WBGT_126_7100,WBGT,ssp126,2071-2100,rasters/future/ssp126/2071-2100/WBGT-Sun_Max_AllGCMs_ssp126_2071-2100.tif,degrees C,continuous,-9999,TRUE,,
WBGT_370_4170,WBGT,ssp370,2041-2070,rasters/future/ssp370/2041-2070/WBGT-Sun_Max_AllGCMs_ssp370_2041-2070.tif,degrees C,continuous,-9999,TRUE,,
WBGT_370_7100,WBGT,ssp370,2071-2100,rasters/future/ssp370/2071-2100/WBGT-Sun_Max_AllGCMs_ssp370_2071-2100.tif,degrees C,continuous,-9999,TRUE,,
WBGT_585_4170,WBGT,ssp585,2041-2070,rasters/future/ssp585/2041-2070/WBGT-Sun_Max_AllGCMs_ssp585_2041-2070.tif,degrees C,continuous,-9999,TRUE,,
WBGT_585_7100,WBGT,ssp585,2071-2100,rasters/future/ssp585/2071-2100/WBGT-Sun_Max_AllGCMs_ssp585_2071-2100.tif,degrees C,continuous,-9999,TRUE,,
SMV_T_surface_BASELINE_19802005,T_surface,baseline,1980-2005,rasters/marine/historical/1980-2005/T_surface_warmest_climatological_month.tif,degrees C,continuous,-9999,TRUE,tif,~0.1 degree (~11 km)
SMV_T_bottom_BASELINE_19802005,T_bottom,baseline,1980-2005,rasters/marine/historical/1980-2005/T_bottom_warmest_climatological_month.tif,degrees C,continuous,-9999,TRUE,tif,~0.1 degree (~11 km)
SMV_S_surface_BASELINE_19802005,S_surface,baseline,1980-2005,rasters/marine/historical/1980-2005/S_surface_annual_climatological_mean.tif,psu,continuous,-9999,TRUE,tif,~0.1 degree (~11 km)
SMV_O2_bottom_BASELINE_19802005,O2_bottom,baseline,1980-2005,rasters/marine/historical/1980-2005/O2_bottom_lowest_climatological_month.tif,mmol/m^3,continuous,-9999,TRUE,tif,~0.1 degree (~11 km)
SMV_pH_surface_BASELINE_19802005,pH_surface,baseline,1980-2005,rasters/marine/historical/1980-2005/pH_surface_lowest_climatological_month.tif,pH,continuous,-9999,TRUE,tif,~0.1 degree (~11 km)
SMV_pH_bottom_BASELINE_19802005,pH_bottom,baseline,1980-2005,rasters/marine/historical/1980-2005/pH_bottom_lowest_climatological_month.tif,pH,continuous,-9999,TRUE,tif,~0.1 degree (~11 km)
SMV_satarag_surface_BASELINE_19802005,satarag_surface,baseline,1980-2005,rasters/marine/historical/1980-2005/satarag_surface_lowest_climatological_month.tif,dimensionless,continuous,-9999,TRUE,tif,~0.1 degree (~11 km)
SMV_netPP_total_BASELINE_19802005,netPP_total,baseline,1980-2005,rasters/marine/historical/1980-2005/netPP_total_annual_climatological_mean.tif,mg C/m^2/d,continuous,-9999,TRUE,tif,~0.1 degree (~11 km)
SMV_T_surface_RCP45_20202039,T_surface,rcp45,2020-2039,rasters/marine/rcp45/2020-2039/T_surface_warmest_climatological_month.tif,degrees C,continuous,-9999,TRUE,tif,~0.1 degree (~11 km)
SMV_T_bottom_RCP45_20202039,T_bottom,rcp45,2020-2039,rasters/marine/rcp45/2020-2039/T_bottom_warmest_climatological_month.tif,degrees C,continuous,-9999,TRUE,tif,~0.1 degree (~11 km)
SMV_S_surface_RCP45_20202039,S_surface,rcp45,2020-2039,rasters/marine/rcp45/2020-2039/S_surface_annual_climatological_mean.tif,psu,continuous,-9999,TRUE,tif,~0.1 degree (~11 km)
SMV_O2_bottom_RCP45_20202039,O2_bottom,rcp45,2020-2039,rasters/marine/rcp45/2020-2039/O2_bottom_lowest_climatological_month.tif,mmol/m^3,continuous,-9999,TRUE,tif,~0.1 degree (~11 km)
SMV_pH_surface_RCP45_20202039,pH_surface,rcp45,2020-2039,rasters/marine/rcp45/2020-2039/pH_surface_lowest_climatological_month.tif,pH,continuous,-9999,TRUE,tif,~0.1 degree (~11 km)
SMV_pH_bottom_RCP45_20202039,pH_bottom,rcp45,2020-2039,rasters/marine/rcp45/2020-2039/pH_bottom_lowest_climatological_month.tif,pH,continuous,-9999,TRUE,tif,~0.1 degree (~11 km)
SMV_satarag_surface_RCP45_20202039,satarag_surface,rcp45,2020-2039,rasters/marine/rcp45/2020-2039/satarag_surface_lowest_climatological_month.tif,dimensionless,continuous,-9999,TRUE,tif,~0.1 degree (~11 km)
SMV_netPP_total_RCP45_20202039,netPP_total,rcp45,2020-2039,rasters/marine/rcp45/2020-2039/netPP_total_annual_climatological_mean.tif,mg C/m^2/d,continuous,-9999,TRUE,tif,~0.1 degree (~11 km)
SMV_T_surface_RCP45_20402059,T_surface,rcp45,2040-2059,rasters/marine/rcp45/2040-2059/T_surface_warmest_climatological_month.tif,degrees C,continuous,-9999,TRUE,tif,~0.1 degree (~11 km)
SMV_T_bottom_RCP45_20402059,T_bottom,rcp45,2040-2059,rasters/marine/rcp45/2040-2059/T_bottom_warmest_climatological_month.tif,degrees C,continuous,-9999,TRUE,tif,~0.1 degree (~11 km)
SMV_S_surface_RCP45_20402059,S_surface,rcp45,2040-2059,rasters/marine/rcp45/2040-2059/S_surface_annual_climatological_mean.tif,psu,continuous,-9999,TRUE,tif,~0.1 degree (~11 km)
SMV_O2_bottom_RCP45_20402059,O2_bottom,rcp45,2040-2059,rasters/marine/rcp45/2040-2059/O2_bottom_lowest_climatological_month.tif,mmol/m^3,continuous,-9999,TRUE,tif,~0.1 degree (~11 km)
SMV_pH_surface_RCP45_20402059,pH_surface,rcp45,2040-2059,rasters/marine/rcp45/2040-2059/pH_surface_lowest_climatological_month.tif,pH,continuous,-9999,TRUE,tif,~0.1 degree (~11 km)
SMV_pH_bottom_RCP45_20402059,pH_bottom,rcp45,2040-2059,rasters/marine/rcp45/2040-2059/pH_bottom_lowest_climatological_month.tif,pH,continuous,-9999,TRUE,tif,~0.1 degree (~11 km)
SMV_satarag_surface_RCP45_20402059,satarag_surface,rcp45,2040-2059,rasters/marine/rcp45/2040-2059/satarag_surface_lowest_climatological_month.tif,dimensionless,continuous,-9999,TRUE,tif,~0.1 degree (~11 km)
SMV_netPP_total_RCP45_20402059,netPP_total,rcp45,2040-2059,rasters/marine/rcp45/2040-2059/netPP_total_annual_climatological_mean.tif,mg C/m^2/d,continuous,-9999,TRUE,tif,~0.1 degree (~11 km)
SMV_T_surface_RCP45_20792098,T_surface,rcp45,2079-2098,rasters/marine/rcp45/2079-2098/T_surface_warmest_climatological_month.tif,degrees C,continuous,-9999,TRUE,tif,~0.1 degree (~11 km)
SMV_T_bottom_RCP45_20792098,T_bottom,rcp45,2079-2098,rasters/marine/rcp45/2079-2098/T_bottom_warmest_climatological_month.tif,degrees C,continuous,-9999,TRUE,tif,~0.1 degree (~11 km)
SMV_S_surface_RCP45_20792098,S_surface,rcp45,2079-2098,rasters/marine/rcp45/2079-2098/S_surface_annual_climatological_mean.tif,psu,continuous,-9999,TRUE,tif,~0.1 degree (~11 km)
SMV_O2_bottom_RCP45_20792098,O2_bottom,rcp45,2079-2098,rasters/marine/rcp45/2079-2098/O2_bottom_lowest_climatological_month.tif,mmol/m^3,continuous,-9999,TRUE,tif,~0.1 degree (~11 km)
SMV_pH_surface_RCP45_20792098,pH_surface,rcp45,2079-2098,rasters/marine/rcp45/2079-2098/pH_surface_lowest_climatological_month.tif,pH,continuous,-9999,TRUE,tif,~0.1 degree (~11 km)
SMV_pH_bottom_RCP45_20792098,pH_bottom,rcp45,2079-2098,rasters/marine/rcp45/2079-2098/pH_bottom_lowest_climatological_month.tif,pH,continuous,-9999,TRUE,tif,~0.1 degree (~11 km)
SMV_satarag_surface_RCP45_20792098,satarag_surface,rcp45,2079-2098,rasters/marine/rcp45/2079-2098/satarag_surface_lowest_climatological_month.tif,dimensionless,continuous,-9999,TRUE,tif,~0.1 degree (~11 km)
SMV_netPP_total_RCP45_20792098,netPP_total,rcp45,2079-2098,rasters/marine/rcp45/2079-2098/netPP_total_annual_climatological_mean.tif,mg C/m^2/d,continuous,-9999,TRUE,tif,~0.1 degree (~11 km)
SMV_T_surface_RCP85_20202039,T_surface,rcp85,2020-2039,rasters/marine/rcp85/2020-2039/T_surface_warmest_climatological_month.tif,degrees C,continuous,-9999,TRUE,tif,~0.1 degree (~11 km)
SMV_T_bottom_RCP85_20202039,T_bottom,rcp85,2020-2039,rasters/marine/rcp85/2020-2039/T_bottom_warmest_climatological_month.tif,degrees C,continuous,-9999,TRUE,tif,~0.1 degree (~11 km)
SMV_S_surface_RCP85_20202039,S_surface,rcp85,2020-2039,rasters/marine/rcp85/2020-2039/S_surface_annual_climatological_mean.tif,psu,continuous,-9999,TRUE,tif,~0.1 degree (~11 km)
SMV_O2_bottom_RCP85_20202039,O2_bottom,rcp85,2020-2039,rasters/marine/rcp85/2020-2039/O2_bottom_lowest_climatological_month.tif,mmol/m^3,continuous,-9999,TRUE,tif,~0.1 degree (~11 km)
SMV_pH_surface_RCP85_20202039,pH_surface,rcp85,2020-2039,rasters/marine/rcp85/2020-2039/pH_surface_lowest_climatological_month.tif,pH,continuous,-9999,TRUE,tif,~0.1 degree (~11 km)
SMV_pH_bottom_RCP85_20202039,pH_bottom,rcp85,2020-2039,rasters/marine/rcp85/2020-2039/pH_bottom_lowest_climatological_month.tif,pH,continuous,-9999,TRUE,tif,~0.1 degree (~11 km)
SMV_satarag_surface_RCP85_20202039,satarag_surface,rcp85,2020-2039,rasters/marine/rcp85/2020-2039/satarag_surface_lowest_climatological_month.tif,dimensionless,continuous,-9999,TRUE,tif,~0.1 degree (~11 km)
SMV_netPP_total_RCP85_20202039,netPP_total,rcp85,2020-2039,rasters/marine/rcp85/2020-2039/netPP_total_annual_climatological_mean.tif,mg C/m^2/d,continuous,-9999,TRUE,tif,~0.1 degree (~11 km)
SMV_T_surface_RCP85_20402059,T_surface,rcp85,2040-2059,rasters/marine/rcp85/2040-2059/T_surface_warmest_climatological_month.tif,degrees C,continuous,-9999,TRUE,tif,~0.1 degree (~11 km)
SMV_T_bottom_RCP85_20402059,T_bottom,rcp85,2040-2059,rasters/marine/rcp85/2040-2059/T_bottom_warmest_climatological_month.tif,degrees C,continuous,-9999,TRUE,tif,~0.1 degree (~11 km)
SMV_S_surface_RCP85_20402059,S_surface,rcp85,2040-2059,rasters/marine/rcp85/2040-2059/S_surface_annual_climatological_mean.tif,psu,continuous,-9999,TRUE,tif,~0.1 degree (~11 km)
SMV_O2_bottom_RCP85_20402059,O2_bottom,rcp85,2040-2059,rasters/marine/rcp85/2040-2059/O2_bottom_lowest_climatological_month.tif,mmol/m^3,continuous,-9999,TRUE,tif,~0.1 degree (~11 km)
SMV_pH_surface_RCP85_20402059,pH_surface,rcp85,2040-2059,rasters/marine/rcp85/2040-2059/pH_surface_lowest_climatological_month.tif,pH,continuous,-9999,TRUE,tif,~0.1 degree (~11 km)
SMV_pH_bottom_RCP85_20402059,pH_bottom,rcp85,2040-2059,rasters/marine/rcp85/2040-2059/pH_bottom_lowest_climatological_month.tif,pH,continuous,-9999,TRUE,tif,~0.1 degree (~11 km)
SMV_satarag_surface_RCP85_20402059,satarag_surface,rcp85,2040-2059,rasters/marine/rcp85/2040-2059/satarag_surface_lowest_climatological_month.tif,dimensionless,continuous,-9999,TRUE,tif,~0.1 degree (~11 km)
SMV_netPP_total_RCP85_20402059,netPP_total,rcp85,2040-2059,rasters/marine/rcp85/2040-2059/netPP_total_annual_climatological_mean.tif,mg C/m^2/d,continuous,-9999,TRUE,tif,~0.1 degree (~11 km)
SMV_T_surface_RCP85_20792098,T_surface,rcp85,2079-2098,rasters/marine/rcp85/2079-2098/T_surface_warmest_climatological_month.tif,degrees C,continuous,-9999,TRUE,tif,~0.1 degree (~11 km)
SMV_T_bottom_RCP85_20792098,T_bottom,rcp85,2079-2098,rasters/marine/rcp85/2079-2098/T_bottom_warmest_climatological_month.tif,degrees C,continuous,-9999,TRUE,tif,~0.1 degree (~11 km)
SMV_S_surface_RCP85_20792098,S_surface,rcp85,2079-2098,rasters/marine/rcp85/2079-2098/S_surface_annual_climatological_mean.tif,psu,continuous,-9999,TRUE,tif,~0.1 degree (~11 km)
SMV_O2_bottom_RCP85_20792098,O2_bottom,rcp85,2079-2098,rasters/marine/rcp85/2079-2098/O2_bottom_lowest_climatological_month.tif,mmol/m^3,continuous,-9999,TRUE,tif,~0.1 degree (~11 km)
SMV_pH_surface_RCP85_20792098,pH_surface,rcp85,2079-2098,rasters/marine/rcp85/2079-2098/pH_surface_lowest_climatological_month.tif,pH,continuous,-9999,TRUE,tif,~0.1 degree (~11 km)
SMV_pH_bottom_RCP85_20792098,pH_bottom,rcp85,2079-2098,rasters/marine/rcp85/2079-2098/pH_bottom_lowest_climatological_month.tif,pH,continuous,-9999,TRUE,tif,~0.1 degree (~11 km)
SMV_satarag_surface_RCP85_20792098,satarag_surface,rcp85,2079-2098,rasters/marine/rcp85/2079-2098/satarag_surface_lowest_climatological_month.tif,dimensionless,continuous,-9999,TRUE,tif,~0.1 degree (~11 km)
SMV_netPP_total_RCP85_20792098,netPP_total,rcp85,2079-2098,rasters/marine/rcp85/2079-2098/netPP_total_annual_climatological_mean.tif,mg C/m^2/d,continuous,-9999,TRUE,tif,~0.1 degree (~11 km)
COASTAL_SSP585_20212050_RP1,COASTAL_INUNDATION_RP1,ssp585,2021-2050,rasters/coastal/Inundation_2021-2050_rp1.tif,binary exposure,inundation_binary,-3402823466385289e23,TRUE,tif,0.000832639 x 0.00083264 (native CRS units)
COASTAL_SSP585_20212050_RP2,COASTAL_INUNDATION_RP2,ssp585,2021-2050,rasters/coastal/Inundation_2021-2050_rp2.tif,binary exposure,inundation_binary,-3402823466385289e23,TRUE,tif,0.000832639 x 0.00083264 (native CRS units)
COASTAL_SSP585_20212050_RP5,COASTAL_INUNDATION_RP5,ssp585,2021-2050,rasters/coastal/Inundation_2021-2050_rp5.tif,binary exposure,inundation_binary,-3402823466385289e23,TRUE,tif,0.000832639 x 0.00083264 (native CRS units)
COASTAL_SSP585_20212050_RP10,COASTAL_INUNDATION_RP10,ssp585,2021-2050,rasters/coastal/Inundation_2021-2050_rp10.tif,binary exposure,inundation_binary,-3402823466385289e23,TRUE,tif,0.000832639 x 0.00083264 (native CRS units)
COASTAL_SSP585_20212050_RP25,COASTAL_INUNDATION_RP25,ssp585,2021-2050,rasters/coastal/Inundation_2021-2050_rp25.tif,binary exposure,inundation_binary,-3402823466385289e23,TRUE,tif,0.000832639 x 0.00083264 (native CRS units)
COASTAL_SSP585_20212050_RP50,COASTAL_INUNDATION_RP50,ssp585,2021-2050,rasters/coastal/Inundation_2021-2050_rp50.tif,binary exposure,inundation_binary,-3402823466385289e23,TRUE,tif,0.000832639 x 0.00083264 (native CRS units)
COASTAL_SSP585_20212050_RP75,COASTAL_INUNDATION_RP75,ssp585,2021-2050,rasters/coastal/Inundation_2021-2050_rp75.tif,binary exposure,inundation_binary,-3402823466385289e23,TRUE,tif,0.000832639 x 0.00083264 (native CRS units)
COASTAL_SSP585_20212050_RP100,COASTAL_INUNDATION_RP100,ssp585,2021-2050,rasters/coastal/Inundation_2021-2050_rp100.tif,binary exposure,inundation_binary,-3402823466385289e23,TRUE,tif,0.000832639 x 0.00083264 (native CRS units)
KBDImax_BASE_19812010,KBDImax,baseline,1981-2010,rasters/baseline/KBDImax_historical_1981-2010.tif,KBDI index (0-800),continuous,-9999,TRUE,tif,0.25 x 0.25 degrees
KBDImax_SSP126_20112040,KBDImax,ssp126,2011-2040,rasters/future/ssp126/2011-2040/KBDImax_ssp126_2011-2040.tif,KBDI index (0-800),continuous,-9999,TRUE,tif,0.25 x 0.25 degrees
KBDImax_SSP126_20412070,KBDImax,ssp126,2041-2070,rasters/future/ssp126/2041-2070/KBDImax_ssp126_2041-2070.tif,KBDI index (0-800),continuous,-9999,TRUE,tif,0.25 x 0.25 degrees
KBDImax_SSP126_20712100,KBDImax,ssp126,2071-2100,rasters/future/ssp126/2071-2100/KBDImax_ssp126_2071-2100.tif,KBDI index (0-800),continuous,-9999,TRUE,tif,0.25 x 0.25 degrees
KBDImax_SSP245_20112040,KBDImax,ssp245,2011-2040,rasters/future/ssp245/2011-2040/KBDImax_ssp245_2011-2040.tif,KBDI index (0-800),continuous,-9999,TRUE,tif,0.25 x 0.25 degrees
KBDImax_SSP245_20412070,KBDImax,ssp245,2041-2070,rasters/future/ssp245/2041-2070/KBDImax_ssp245_2041-2070.tif,KBDI index (0-800),continuous,-9999,TRUE,tif,0.25 x 0.25 degrees
KBDImax_SSP245_20712100,KBDImax,ssp245,2071-2100,rasters/future/ssp245/2071-2100/KBDImax_ssp245_2071-2100.tif,KBDI index (0-800),continuous,-9999,TRUE,tif,0.25 x 0.25 degrees
KBDImax_SSP370_20112040,KBDImax,ssp370,2011-2040,rasters/future/ssp370/2011-2040/KBDImax_ssp370_2011-2040.tif,KBDI index (0-800),continuous,-9999,TRUE,tif,0.25 x 0.25 degrees
KBDImax_SSP370_20412070,KBDImax,ssp370,2041-2070,rasters/future/ssp370/2041-2070/KBDImax_ssp370_2041-2070.tif,KBDI index (0-800),continuous,-9999,TRUE,tif,0.25 x 0.25 degrees
KBDImax_SSP370_20712100,KBDImax,ssp370,2071-2100,rasters/future/ssp370/2071-2100/KBDImax_ssp370_2071-2100.tif,KBDI index (0-800),continuous,-9999,TRUE,tif,0.25 x 0.25 degrees
KBDImax_SSP585_20112040,KBDImax,ssp585,2011-2040,rasters/future/ssp585/2011-2040/KBDImax_ssp585_2011-2040.tif,KBDI index (0-800),continuous,-9999,TRUE,tif,0.25 x 0.25 degrees
KBDImax_SSP585_20412070,KBDImax,ssp585,2041-2070,rasters/future/ssp585/2041-2070/KBDImax_ssp585_2041-2070.tif,KBDI index (0-800),continuous,-9999,TRUE,tif,0.25 x 0.25 degrees
KBDImax_SSP585_20712100,KBDImax,ssp585,2071-2100,rasters/future/ssp585/2071-2100/KBDImax_ssp585_2071-2100.tif,KBDI index (0-800),continuous,-9999,TRUE,tif,0.25 x 0.25 degrees
KBDIp95_BASE_19812010,KBDIp95,baseline,1981-2010,rasters/baseline/KBDIp95_historical_1981-2010.tif,KBDI index (0-800),continuous,-9999,TRUE,tif,0.25 x 0.25 degrees
KBDIp95_SSP126_20112040,KBDIp95,ssp126,2011-2040,rasters/future/ssp126/2011-2040/KBDIp95_ssp126_2011-2040.tif,KBDI index (0-800),continuous,-9999,TRUE,tif,0.25 x 0.25 degrees
KBDIp95_SSP126_20412070,KBDIp95,ssp126,2041-2070,rasters/future/ssp126/2041-2070/KBDIp95_ssp126_2041-2070.tif,KBDI index (0-800),continuous,-9999,TRUE,tif,0.25 x 0.25 degrees
KBDIp95_SSP126_20712100,KBDIp95,ssp126,2071-2100,rasters/future/ssp126/2071-2100/KBDIp95_ssp126_2071-2100.tif,KBDI index (0-800),continuous,-9999,TRUE,tif,0.25 x 0.25 degrees
KBDIp95_SSP245_20112040,KBDIp95,ssp245,2011-2040,rasters/future/ssp245/2011-2040/KBDIp95_ssp245_2011-2040.tif,KBDI index (0-800),continuous,-9999,TRUE,tif,0.25 x 0.25 degrees
KBDIp95_SSP245_20412070,KBDIp95,ssp245,2041-2070,rasters/future/ssp245/2041-2070/KBDIp95_ssp245_2041-2070.tif,KBDI index (0-800),continuous,-9999,TRUE,tif,0.25 x 0.25 degrees
KBDIp95_SSP245_20712100,KBDIp95,ssp245,2071-2100,rasters/future/ssp245/2071-2100/KBDIp95_ssp245_2071-2100.tif,KBDI index (0-800),continuous,-9999,TRUE,tif,0.25 x 0.25 degrees
KBDIp95_SSP370_20112040,KBDIp95,ssp370,2011-2040,rasters/future/ssp370/2011-2040/KBDIp95_ssp370_2011-2040.tif,KBDI index (0-800),continuous,-9999,TRUE,tif,0.25 x 0.25 degrees
KBDIp95_SSP370_20412070,KBDIp95,ssp370,2041-2070,rasters/future/ssp370/2041-2070/KBDIp95_ssp370_2041-2070.tif,KBDI index (0-800),continuous,-9999,TRUE,tif,0.25 x 0.25 degrees
KBDIp95_SSP370_20712100,KBDIp95,ssp370,2071-2100,rasters/future/ssp370/2071-2100/KBDIp95_ssp370_2071-2100.tif,KBDI index (0-800),continuous,-9999,TRUE,tif,0.25 x 0.25 degrees
KBDIp95_SSP585_20112040,KBDIp95,ssp585,2011-2040,rasters/future/ssp585/2011-2040/KBDIp95_ssp585_2011-2040.tif,KBDI index (0-800),continuous,-9999,TRUE,tif,0.25 x 0.25 degrees
KBDIp95_SSP585_20412070,KBDIp95,ssp585,2041-2070,rasters/future/ssp585/2041-2070/KBDIp95_ssp585_2041-2070.tif,KBDI index (0-800),continuous,-9999,TRUE,tif,0.25 x 0.25 degrees
KBDIp95_SSP585_20712100,KBDIp95,ssp585,2071-2100,rasters/future/ssp585/2071-2100/KBDIp95_ssp585_2071-2100.tif,KBDI index (0-800),continuous,-9999,TRUE,tif,0.25 x 0.25 degrees
KBDI400days_eq365_BASE_19812010,KBDI400days_eq365,baseline,1981-2010,rasters/baseline/KBDI400days_eq365_historical_1981-2010.tif,equivalent days/year,continuous,-9999,TRUE,tif,0.25 x 0.25 degrees
KBDI400days_eq365_SSP126_20112040,KBDI400days_eq365,ssp126,2011-2040,rasters/future/ssp126/2011-2040/KBDI400days_eq365_ssp126_2011-2040.tif,equivalent days/year,continuous,-9999,TRUE,tif,0.25 x 0.25 degrees
KBDI400days_eq365_SSP126_20412070,KBDI400days_eq365,ssp126,2041-2070,rasters/future/ssp126/2041-2070/KBDI400days_eq365_ssp126_2041-2070.tif,equivalent days/year,continuous,-9999,TRUE,tif,0.25 x 0.25 degrees
KBDI400days_eq365_SSP126_20712100,KBDI400days_eq365,ssp126,2071-2100,rasters/future/ssp126/2071-2100/KBDI400days_eq365_ssp126_2071-2100.tif,equivalent days/year,continuous,-9999,TRUE,tif,0.25 x 0.25 degrees
KBDI400days_eq365_SSP245_20112040,KBDI400days_eq365,ssp245,2011-2040,rasters/future/ssp245/2011-2040/KBDI400days_eq365_ssp245_2011-2040.tif,equivalent days/year,continuous,-9999,TRUE,tif,0.25 x 0.25 degrees
KBDI400days_eq365_SSP245_20412070,KBDI400days_eq365,ssp245,2041-2070,rasters/future/ssp245/2041-2070/KBDI400days_eq365_ssp245_2041-2070.tif,equivalent days/year,continuous,-9999,TRUE,tif,0.25 x 0.25 degrees
KBDI400days_eq365_SSP245_20712100,KBDI400days_eq365,ssp245,2071-2100,rasters/future/ssp245/2071-2100/KBDI400days_eq365_ssp245_2071-2100.tif,equivalent days/year,continuous,-9999,TRUE,tif,0.25 x 0.25 degrees
KBDI400days_eq365_SSP370_20112040,KBDI400days_eq365,ssp370,2011-2040,rasters/future/ssp370/2011-2040/KBDI400days_eq365_ssp370_2011-2040.tif,equivalent days/year,continuous,-9999,TRUE,tif,0.25 x 0.25 degrees
KBDI400days_eq365_SSP370_20412070,KBDI400days_eq365,ssp370,2041-2070,rasters/future/ssp370/2041-2070/KBDI400days_eq365_ssp370_2041-2070.tif,equivalent days/year,continuous,-9999,TRUE,tif,0.25 x 0.25 degrees
KBDI400days_eq365_SSP370_20712100,KBDI400days_eq365,ssp370,2071-2100,rasters/future/ssp370/2071-2100/KBDI400days_eq365_ssp370_2071-2100.tif,equivalent days/year,continuous,-9999,TRUE,tif,0.25 x 0.25 degrees
KBDI400days_eq365_SSP585_20112040,KBDI400days_eq365,ssp585,2011-2040,rasters/future/ssp585/2011-2040/KBDI400days_eq365_ssp585_2011-2040.tif,equivalent days/year,continuous,-9999,TRUE,tif,0.25 x 0.25 degrees
KBDI400days_eq365_SSP585_20412070,KBDI400days_eq365,ssp585,2041-2070,rasters/future/ssp585/2041-2070/KBDI400days_eq365_ssp585_2041-2070.tif,equivalent days/year,continuous,-9999,TRUE,tif,0.25 x 0.25 degrees
KBDI400days_eq365_SSP585_20712100,KBDI400days_eq365,ssp585,2071-2100,rasters/future/ssp585/2071-2100/KBDI400days_eq365_ssp585_2071-2100.tif,equivalent days/year,continuous,-9999,TRUE,tif,0.25 x 0.25 degrees
KBDI600days_eq365_BASE_19812010,KBDI600days_eq365,baseline,1981-2010,rasters/baseline/KBDI600days_eq365_historical_1981-2010.tif,equivalent days/year,continuous,-9999,TRUE,tif,0.25 x 0.25 degrees
KBDI600days_eq365_SSP126_20112040,KBDI600days_eq365,ssp126,2011-2040,rasters/future/ssp126/2011-2040/KBDI600days_eq365_ssp126_2011-2040.tif,equivalent days/year,continuous,-9999,TRUE,tif,0.25 x 0.25 degrees
KBDI600days_eq365_SSP126_20412070,KBDI600days_eq365,ssp126,2041-2070,rasters/future/ssp126/2041-2070/KBDI600days_eq365_ssp126_2041-2070.tif,equivalent days/year,continuous,-9999,TRUE,tif,0.25 x 0.25 degrees
KBDI600days_eq365_SSP126_20712100,KBDI600days_eq365,ssp126,2071-2100,rasters/future/ssp126/2071-2100/KBDI600days_eq365_ssp126_2071-2100.tif,equivalent days/year,continuous,-9999,TRUE,tif,0.25 x 0.25 degrees
KBDI600days_eq365_SSP245_20112040,KBDI600days_eq365,ssp245,2011-2040,rasters/future/ssp245/2011-2040/KBDI600days_eq365_ssp245_2011-2040.tif,equivalent days/year,continuous,-9999,TRUE,tif,0.25 x 0.25 degrees
KBDI600days_eq365_SSP245_20412070,KBDI600days_eq365,ssp245,2041-2070,rasters/future/ssp245/2041-2070/KBDI600days_eq365_ssp245_2041-2070.tif,equivalent days/year,continuous,-9999,TRUE,tif,0.25 x 0.25 degrees
KBDI600days_eq365_SSP245_20712100,KBDI600days_eq365,ssp245,2071-2100,rasters/future/ssp245/2071-2100/KBDI600days_eq365_ssp245_2071-2100.tif,equivalent days/year,continuous,-9999,TRUE,tif,0.25 x 0.25 degrees
KBDI600days_eq365_SSP370_20112040,KBDI600days_eq365,ssp370,2011-2040,rasters/future/ssp370/2011-2040/KBDI600days_eq365_ssp370_2011-2040.tif,equivalent days/year,continuous,-9999,TRUE,tif,0.25 x 0.25 degrees
KBDI600days_eq365_SSP370_20412070,KBDI600days_eq365,ssp370,2041-2070,rasters/future/ssp370/2041-2070/KBDI600days_eq365_ssp370_2041-2070.tif,equivalent days/year,continuous,-9999,TRUE,tif,0.25 x 0.25 degrees
KBDI600days_eq365_SSP370_20712100,KBDI600days_eq365,ssp370,2071-2100,rasters/future/ssp370/2071-2100/KBDI600days_eq365_ssp370_2071-2100.tif,equivalent days/year,continuous,-9999,TRUE,tif,0.25 x 0.25 degrees
KBDI600days_eq365_SSP585_20112040,KBDI600days_eq365,ssp585,2011-2040,rasters/future/ssp585/2011-2040/KBDI600days_eq365_ssp585_2011-2040.tif,equivalent days/year,continuous,-9999,TRUE,tif,0.25 x 0.25 degrees
KBDI600days_eq365_SSP585_20412070,KBDI600days_eq365,ssp585,2041-2070,rasters/future/ssp585/2041-2070/KBDI600days_eq365_ssp585_2041-2070.tif,equivalent days/year,continuous,-9999,TRUE,tif,0.25 x 0.25 degrees
KBDI600days_eq365_SSP585_20712100,KBDI600days_eq365,ssp585,2071-2100,rasters/future/ssp585/2071-2100/KBDI600days_eq365_ssp585_2071-2100.tif,equivalent days/year,continuous,-9999,TRUE,tif,0.25 x 0.25 degrees
SPEI3_DROUGHT_FREQ_BASE_19812010,SPEI3_DROUGHT_FREQ,baseline,1981-2010,rasters/baseline/SPEI3_droughtfreq_historical_1981-2010.tif,% of months,continuous,-9999,TRUE,tif,0.008333 x 0.008333 degrees
SPEI3_DROUGHT_FREQ_SSP126_20112040,SPEI3_DROUGHT_FREQ,ssp126,2011-2040,rasters/future/ssp126/2011-2040/SPEI3_droughtfreq_ssp126_2011-2040.tif,% of months,continuous,-9999,TRUE,tif,0.008333 x 0.008333 degrees
SPEI3_DROUGHT_FREQ_SSP126_20412070,SPEI3_DROUGHT_FREQ,ssp126,2041-2070,rasters/future/ssp126/2041-2070/SPEI3_droughtfreq_ssp126_2041-2070.tif,% of months,continuous,-9999,TRUE,tif,0.008333 x 0.008333 degrees
SPEI3_DROUGHT_FREQ_SSP126_20712100,SPEI3_DROUGHT_FREQ,ssp126,2071-2100,rasters/future/ssp126/2071-2100/SPEI3_droughtfreq_ssp126_2071-2100.tif,% of months,continuous,-9999,TRUE,tif,0.008333 x 0.008333 degrees
SPEI3_DROUGHT_FREQ_SSP245_20112040,SPEI3_DROUGHT_FREQ,ssp245,2011-2040,rasters/future/ssp245/2011-2040/SPEI3_droughtfreq_ssp245_2011-2040.tif,% of months,continuous,-9999,TRUE,tif,0.008333 x 0.008333 degrees
SPEI3_DROUGHT_FREQ_SSP245_20412070,SPEI3_DROUGHT_FREQ,ssp245,2041-2070,rasters/future/ssp245/2041-2070/SPEI3_droughtfreq_ssp245_2041-2070.tif,% of months,continuous,-9999,TRUE,tif,0.008333 x 0.008333 degrees
SPEI3_DROUGHT_FREQ_SSP245_20712100,SPEI3_DROUGHT_FREQ,ssp245,2071-2100,rasters/future/ssp245/2071-2100/SPEI3_droughtfreq_ssp245_2071-2100.tif,% of months,continuous,-9999,TRUE,tif,0.008333 x 0.008333 degrees
SPEI3_DROUGHT_FREQ_SSP370_20112040,SPEI3_DROUGHT_FREQ,ssp370,2011-2040,rasters/future/ssp370/2011-2040/SPEI3_droughtfreq_ssp370_2011-2040.tif,% of months,continuous,-9999,TRUE,tif,0.008333 x 0.008333 degrees
SPEI3_DROUGHT_FREQ_SSP370_20412070,SPEI3_DROUGHT_FREQ,ssp370,2041-2070,rasters/future/ssp370/2041-2070/SPEI3_droughtfreq_ssp370_2041-2070.tif,% of months,continuous,-9999,TRUE,tif,0.008333 x 0.008333 degrees
SPEI3_DROUGHT_FREQ_SSP370_20712100,SPEI3_DROUGHT_FREQ,ssp370,2071-2100,rasters/future/ssp370/2071-2100/SPEI3_droughtfreq_ssp370_2071-2100.tif,% of months,continuous,-9999,TRUE,tif,0.008333 x 0.008333 degrees
SPEI3_DROUGHT_FREQ_SSP585_20112040,SPEI3_DROUGHT_FREQ,ssp585,2011-2040,rasters/future/ssp585/2011-2040/SPEI3_droughtfreq_ssp585_2011-2040.tif,% of months,continuous,-9999,TRUE,tif,0.008333 x 0.008333 degrees
SPEI3_DROUGHT_FREQ_SSP585_20412070,SPEI3_DROUGHT_FREQ,ssp585,2041-2070,rasters/future/ssp585/2041-2070/SPEI3_droughtfreq_ssp585_2041-2070.tif,% of months,continuous,-9999,TRUE,tif,0.008333 x 0.008333 degrees
SPEI3_DROUGHT_FREQ_SSP585_20712100,SPEI3_DROUGHT_FREQ,ssp585,2071-2100,rasters/future/ssp585/2071-2100/SPEI3_droughtfreq_ssp585_2071-2100.tif,% of months,continuous,-9999,TRUE,tif,0.008333 x 0.008333 degrees
SPEI6_DROUGHT_FREQ_BASE_19812010,SPEI6_DROUGHT_FREQ,baseline,1981-2010,rasters/baseline/SPEI6_droughtfreq_historical_1981-2010.tif,% of months,continuous,-9999,TRUE,tif,0.008333 x 0.008333 degrees
SPEI6_DROUGHT_FREQ_SSP126_20112040,SPEI6_DROUGHT_FREQ,ssp126,2011-2040,rasters/future/ssp126/2011-2040/SPEI6_droughtfreq_ssp126_2011-2040.tif,% of months,continuous,-9999,TRUE,tif,0.008333 x 0.008333 degrees
SPEI6_DROUGHT_FREQ_SSP126_20412070,SPEI6_DROUGHT_FREQ,ssp126,2041-2070,rasters/future/ssp126/2041-2070/SPEI6_droughtfreq_ssp126_2041-2070.tif,% of months,continuous,-9999,TRUE,tif,0.008333 x 0.008333 degrees
SPEI6_DROUGHT_FREQ_SSP126_20712100,SPEI6_DROUGHT_FREQ,ssp126,2071-2100,rasters/future/ssp126/2071-2100/SPEI6_droughtfreq_ssp126_2071-2100.tif,% of months,continuous,-9999,TRUE,tif,0.008333 x 0.008333 degrees
SPEI6_DROUGHT_FREQ_SSP245_20112040,SPEI6_DROUGHT_FREQ,ssp245,2011-2040,rasters/future/ssp245/2011-2040/SPEI6_droughtfreq_ssp245_2011-2040.tif,% of months,continuous,-9999,TRUE,tif,0.008333 x 0.008333 degrees
SPEI6_DROUGHT_FREQ_SSP245_20412070,SPEI6_DROUGHT_FREQ,ssp245,2041-2070,rasters/future/ssp245/2041-2070/SPEI6_droughtfreq_ssp245_2041-2070.tif,% of months,continuous,-9999,TRUE,tif,0.008333 x 0.008333 degrees
SPEI6_DROUGHT_FREQ_SSP245_20712100,SPEI6_DROUGHT_FREQ,ssp245,2071-2100,rasters/future/ssp245/2071-2100/SPEI6_droughtfreq_ssp245_2071-2100.tif,% of months,continuous,-9999,TRUE,tif,0.008333 x 0.008333 degrees
SPEI6_DROUGHT_FREQ_SSP370_20112040,SPEI6_DROUGHT_FREQ,ssp370,2011-2040,rasters/future/ssp370/2011-2040/SPEI6_droughtfreq_ssp370_2011-2040.tif,% of months,continuous,-9999,TRUE,tif,0.008333 x 0.008333 degrees
SPEI6_DROUGHT_FREQ_SSP370_20412070,SPEI6_DROUGHT_FREQ,ssp370,2041-2070,rasters/future/ssp370/2041-2070/SPEI6_droughtfreq_ssp370_2041-2070.tif,% of months,continuous,-9999,TRUE,tif,0.008333 x 0.008333 degrees
SPEI6_DROUGHT_FREQ_SSP370_20712100,SPEI6_DROUGHT_FREQ,ssp370,2071-2100,rasters/future/ssp370/2071-2100/SPEI6_droughtfreq_ssp370_2071-2100.tif,% of months,continuous,-9999,TRUE,tif,0.008333 x 0.008333 degrees
SPEI6_DROUGHT_FREQ_SSP585_20112040,SPEI6_DROUGHT_FREQ,ssp585,2011-2040,rasters/future/ssp585/2011-2040/SPEI6_droughtfreq_ssp585_2011-2040.tif,% of months,continuous,-9999,TRUE,tif,0.008333 x 0.008333 degrees
SPEI6_DROUGHT_FREQ_SSP585_20412070,SPEI6_DROUGHT_FREQ,ssp585,2041-2070,rasters/future/ssp585/2041-2070/SPEI6_droughtfreq_ssp585_2041-2070.tif,% of months,continuous,-9999,TRUE,tif,0.008333 x 0.008333 degrees
SPEI6_DROUGHT_FREQ_SSP585_20712100,SPEI6_DROUGHT_FREQ,ssp585,2071-2100,rasters/future/ssp585/2071-2100/SPEI6_droughtfreq_ssp585_2071-2100.tif,% of months,continuous,-9999,TRUE,tif,0.008333 x 0.008333 degrees
